date,atm_id,atm_city,withdrawals_usd,total_txn_count,income_txn_count,outcome_txn_count,btc_close,btc_pct_change_1d,btc_7d_roc,btc_7d_ma,btc_volatility_7d,is_weekend,payday_flag
2020-01-07,atm350000,Izmir,40060,1340,698,642,8050.0,0.0697020514360584,0.1274857208485416,7402.325714285714,0.0362012045859287,False,False
2020-01-07,atm350001,Izmir,40070,1110,452,658,8050.0,0.0697020514360584,0.1274857208485416,7402.325714285714,0.0362012045859287,False,False
2020-01-07,atm3500010,Izmir,69425,2039,952,1087,8050.0,0.0697020514360584,0.1274857208485416,7402.325714285714,0.0362012045859287,False,False
2020-01-07,atm35000100,Izmir,42715,1176,512,664,8050.0,0.0697020514360584,0.1274857208485416,7402.325714285714,0.0362012045859287,False,False
2020-01-07,atm35000101,Izmir,43195,1185,508,677,8050.0,0.0697020514360584,0.1274857208485416,7402.325714285714,0.0362012045859287,False,False
2020-01-07,atm35000102,Izmir,42980,1213,553,660,8050.0,0.0697020514360584,0.1274857208485416,7402.325714285714,0.0362012045859287,False,False
2020-01-07,atm35000103,Izmir,41055,1177,547,630,8050.0,0.0697020514360584,0.1274857208485416,7402.325714285714,0.0362012045859287,False,False
2020-01-07,atm35000104,Izmir,43300,1234,573,661,8050.0,0.0697020514360584,0.1274857208485416,7402.325714285714,0.0362012045859287,False,False
2020-01-07,atm35000105,Izmir,38155,1146,529,617,8050.0,0.0697020514360584,0.1274857208485416,7402.325714285714,0.0362012045859287,False,False
2020-01-07,atm35000106,Izmir,38180,1230,626,604,8050.0,0.0697020514360584,0.1274857208485416,7402.325714285714,0.0362012045859287,False,False
2020-01-07,atm35000107,Izmir,40090,1150,535,615,8050.0,0.0697020514360584,0.1274857208485416,7402.325714285714,0.0362012045859287,False,False
2020-01-07,atm35000108,Izmir,40240,1208,593,615,8050.0,0.0697020514360584,0.1274857208485416,7402.325714285714,0.0362012045859287,False,False
2020-01-07,atm35000109,Izmir,38070,1187,541,646,8050.0,0.0697020514360584,0.1274857208485416,7402.325714285714,0.0362012045859287,False,False
2020-01-07,atm3500011,Izmir,38410,1206,634,572,8050.0,0.0697020514360584,0.1274857208485416,7402.325714285714,0.0362012045859287,False,False
2020-01-07,atm35000110,Izmir,41870,1221,560,661,8050.0,0.0697020514360584,0.1274857208485416,7402.325714285714,0.0362012045859287,False,False
2020-01-07,atm35000111,Izmir,41620,1209,563,646,8050.0,0.0697020514360584,0.1274857208485416,7402.325714285714,0.0362012045859287,False,False
2020-01-07,atm35000112,Izmir,44695,1223,552,671,8050.0,0.0697020514360584,0.1274857208485416,7402.325714285714,0.0362012045859287,False,False
2020-01-07,atm35000113,Izmir,39405,1266,661,605,8050.0,0.0697020514360584,0.1274857208485416,7402.325714285714,0.0362012045859287,False,False
2020-01-07,atm35000114,Izmir,38520,1170,542,628,8050.0,0.0697020514360584,0.1274857208485416,7402.325714285714,0.0362012045859287,False,False
2020-01-07,atm35000115,Izmir,39485,1246,643,603,8050.0,0.0697020514360584,0.1274857208485416,7402.325714285714,0.0362012045859287,False,False
2020-01-07,atm35000116,Izmir,38620,1255,653,602,8050.0,0.0697020514360584,0.1274857208485416,7402.325714285714,0.0362012045859287,False,False
2020-01-07,atm35000117,Izmir,42985,1212,558,654,8050.0,0.0697020514360584,0.1274857208485416,7402.325714285714,0.0362012045859287,False,False
2020-01-07,atm35000118,Izmir,44695,1189,524,665,8050.0,0.0697020514360584,0.1274857208485416,7402.325714285714,0.0362012045859287,False,False
2020-01-07,atm35000119,Izmir,40360,1223,576,647,8050.0,0.0697020514360584,0.1274857208485416,7402.325714285714,0.0362012045859287,False,False
2020-01-07,atm3500012,Izmir,45435,1093,418,675,8050.0,0.0697020514360584,0.1274857208485416,7402.325714285714,0.0362012045859287,False,False
2020-01-07,atm35000120,Izmir,46835,1342,604,738,8050.0,0.0697020514360584,0.1274857208485416,7402.325714285714,0.0362012045859287,False,False
2020-01-07,atm35000121,Izmir,49835,1237,484,753,8050.0,0.0697020514360584,0.1274857208485416,7402.325714285714,0.0362012045859287,False,False
2020-01-07,atm35000122,Izmir,38255,1181,561,620,8050.0,0.0697020514360584,0.1274857208485416,7402.325714285714,0.0362012045859287,False,False
2020-01-07,atm35000123,Izmir,42700,1221,510,711,8050.0,0.0697020514360584,0.1274857208485416,7402.325714285714,0.0362012045859287,False,False
2020-01-07,atm35000124,Izmir,69490,2027,964,1063,8050.0,0.0697020514360584,0.1274857208485416,7402.325714285714,0.0362012045859287,False,False
2020-01-07,atm35000125,Izmir,46665,1197,514,683,8050.0,0.0697020514360584,0.1274857208485416,7402.325714285714,0.0362012045859287,False,False
2020-01-07,atm35000126,Izmir,41460,1156,526,630,8050.0,0.0697020514360584,0.1274857208485416,7402.325714285714,0.0362012045859287,False,False
2020-01-07,atm35000127,Izmir,42675,1264,543,721,8050.0,0.0697020514360584,0.1274857208485416,7402.325714285714,0.0362012045859287,False,False
2020-01-07,atm35000128,Izmir,40795,1294,634,660,8050.0,0.0697020514360584,0.1274857208485416,7402.325714285714,0.0362012045859287,False,False
2020-01-07,atm35000129,Izmir,45235,1191,489,702,8050.0,0.0697020514360584,0.1274857208485416,7402.325714285714,0.0362012045859287,False,False
2020-01-07,atm3500013,Izmir,44275,1302,610,692,8050.0,0.0697020514360584,0.1274857208485416,7402.325714285714,0.0362012045859287,False,False
2020-01-07,atm35000130,Izmir,41560,1100,503,597,8050.0,0.0697020514360584,0.1274857208485416,7402.325714285714,0.0362012045859287,False,False
2020-01-07,atm35000131,Izmir,39350,1092,480,612,8050.0,0.0697020514360584,0.1274857208485416,7402.325714285714,0.0362012045859287,False,False
2020-01-07,atm35000132,Izmir,37900,1266,621,645,8050.0,0.0697020514360584,0.1274857208485416,7402.325714285714,0.0362012045859287,False,False
2020-01-07,atm35000133,Izmir,44070,1309,615,694,8050.0,0.0697020514360584,0.1274857208485416,7402.325714285714,0.0362012045859287,False,False
2020-01-07,atm35000134,Izmir,43345,1384,695,689,8050.0,0.0697020514360584,0.1274857208485416,7402.325714285714,0.0362012045859287,False,False
2020-01-07,atm35000135,Izmir,44285,1193,520,673,8050.0,0.0697020514360584,0.1274857208485416,7402.325714285714,0.0362012045859287,False,False
2020-01-07,atm35000136,Izmir,43690,1363,704,659,8050.0,0.0697020514360584,0.1274857208485416,7402.325714285714,0.0362012045859287,False,False
2020-01-07,atm35000137,Izmir,35455,1163,592,571,8050.0,0.0697020514360584,0.1274857208485416,7402.325714285714,0.0362012045859287,False,False
2020-01-07,atm35000138,Izmir,38400,1018,443,575,8050.0,0.0697020514360584,0.1274857208485416,7402.325714285714,0.0362012045859287,False,False
2020-01-07,atm35000139,Izmir,42630,1318,629,689,8050.0,0.0697020514360584,0.1274857208485416,7402.325714285714,0.0362012045859287,False,False
2020-01-07,atm3500014,Izmir,42320,1227,600,627,8050.0,0.0697020514360584,0.1274857208485416,7402.325714285714,0.0362012045859287,False,False
2020-01-07,atm35000140,Izmir,40700,1295,648,647,8050.0,0.0697020514360584,0.1274857208485416,7402.325714285714,0.0362012045859287,False,False
2020-01-07,atm35000141,Izmir,34920,1128,564,564,8050.0,0.0697020514360584,0.1274857208485416,7402.325714285714,0.0362012045859287,False,False
2020-01-07,atm35000142,Izmir,45220,1268,606,662,8050.0,0.0697020514360584,0.1274857208485416,7402.325714285714,0.0362012045859287,False,False
2020-01-07,atm35000143,Izmir,39440,1256,596,660,8050.0,0.0697020514360584,0.1274857208485416,7402.325714285714,0.0362012045859287,False,False
2020-01-07,atm35000144,Izmir,47235,1097,399,698,8050.0,0.0697020514360584,0.1274857208485416,7402.325714285714,0.0362012045859287,False,False
2020-01-07,atm35000145,Izmir,38935,1128,523,605,8050.0,0.0697020514360584,0.1274857208485416,7402.325714285714,0.0362012045859287,False,False
2020-01-07,atm35000146,Izmir,41980,1313,631,682,8050.0,0.0697020514360584,0.1274857208485416,7402.325714285714,0.0362012045859287,False,False
2020-01-07,atm35000147,Izmir,36915,1098,533,565,8050.0,0.0697020514360584,0.1274857208485416,7402.325714285714,0.0362012045859287,False,False
2020-01-07,atm35000148,Izmir,42655,1183,522,661,8050.0,0.0697020514360584,0.1274857208485416,7402.325714285714,0.0362012045859287,False,False
2020-01-07,atm35000149,Izmir,38600,1146,547,599,8050.0,0.0697020514360584,0.1274857208485416,7402.325714285714,0.0362012045859287,False,False
2020-01-07,atm3500015,Izmir,42365,1184,560,624,8050.0,0.0697020514360584,0.1274857208485416,7402.325714285714,0.0362012045859287,False,False
2020-01-07,atm35000150,Izmir,43955,1223,572,651,8050.0,0.0697020514360584,0.1274857208485416,7402.325714285714,0.0362012045859287,False,False
2020-01-07,atm35000151,Izmir,45210,1238,544,694,8050.0,0.0697020514360584,0.1274857208485416,7402.325714285714,0.0362012045859287,False,False
2020-01-07,atm35000152,Izmir,39195,1307,678,629,8050.0,0.0697020514360584,0.1274857208485416,7402.325714285714,0.0362012045859287,False,False
2020-01-07,atm35000153,Izmir,39960,1244,579,665,8050.0,0.0697020514360584,0.1274857208485416,7402.325714285714,0.0362012045859287,False,False
2020-01-07,atm35000154,Izmir,41405,1143,515,628,8050.0,0.0697020514360584,0.1274857208485416,7402.325714285714,0.0362012045859287,False,False
2020-01-07,atm35000155,Izmir,43425,1200,489,711,8050.0,0.0697020514360584,0.1274857208485416,7402.325714285714,0.0362012045859287,False,False
2020-01-07,atm35000156,Izmir,44440,1226,518,708,8050.0,0.0697020514360584,0.1274857208485416,7402.325714285714,0.0362012045859287,False,False
2020-01-07,atm35000157,Izmir,38505,1196,580,616,8050.0,0.0697020514360584,0.1274857208485416,7402.325714285714,0.0362012045859287,False,False
2020-01-07,atm35000158,Izmir,45585,1221,504,717,8050.0,0.0697020514360584,0.1274857208485416,7402.325714285714,0.0362012045859287,False,False
2020-01-07,atm35000159,Izmir,39270,1106,511,595,8050.0,0.0697020514360584,0.1274857208485416,7402.325714285714,0.0362012045859287,False,False
2020-01-07,atm3500016,Izmir,38905,1155,530,625,8050.0,0.0697020514360584,0.1274857208485416,7402.325714285714,0.0362012045859287,False,False
2020-01-07,atm35000160,Izmir,38305,1097,501,596,8050.0,0.0697020514360584,0.1274857208485416,7402.325714285714,0.0362012045859287,False,False
2020-01-07,atm35000161,Izmir,44535,1243,560,683,8050.0,0.0697020514360584,0.1274857208485416,7402.325714285714,0.0362012045859287,False,False
2020-01-07,atm35000162,Izmir,41335,1248,557,691,8050.0,0.0697020514360584,0.1274857208485416,7402.325714285714,0.0362012045859287,False,False
2020-01-07,atm35000163,Izmir,46825,1308,636,672,8050.0,0.0697020514360584,0.1274857208485416,7402.325714285714,0.0362012045859287,False,False
2020-01-07,atm35000164,Izmir,39845,1205,580,625,8050.0,0.0697020514360584,0.1274857208485416,7402.325714285714,0.0362012045859287,False,False
2020-01-07,atm35000165,Izmir,36570,1124,494,630,8050.0,0.0697020514360584,0.1274857208485416,7402.325714285714,0.0362012045859287,False,False
2020-01-07,atm35000166,Izmir,39740,1166,548,618,8050.0,0.0697020514360584,0.1274857208485416,7402.325714285714,0.0362012045859287,False,False
2020-01-07,atm35000167,Izmir,72990,2078,995,1083,8050.0,0.0697020514360584,0.1274857208485416,7402.325714285714,0.0362012045859287,False,False
2020-01-07,atm35000168,Izmir,73265,2028,929,1099,8050.0,0.0697020514360584,0.1274857208485416,7402.325714285714,0.0362012045859287,False,False
2020-01-07,atm35000169,Izmir,48290,1296,583,713,8050.0,0.0697020514360584,0.1274857208485416,7402.325714285714,0.0362012045859287,False,False
2020-01-07,atm3500017,Izmir,45200,1224,530,694,8050.0,0.0697020514360584,0.1274857208485416,7402.325714285714,0.0362012045859287,False,False
2020-01-07,atm35000170,Izmir,45020,1225,503,722,8050.0,0.0697020514360584,0.1274857208485416,7402.325714285714,0.0362012045859287,False,False
2020-01-07,atm35000171,Izmir,36425,1211,595,616,8050.0,0.0697020514360584,0.1274857208485416,7402.325714285714,0.0362012045859287,False,False
2020-01-07,atm35000172,Izmir,39500,1197,549,648,8050.0,0.0697020514360584,0.1274857208485416,7402.325714285714,0.0362012045859287,False,False
2020-01-07,atm35000173,Izmir,39210,1273,671,602,8050.0,0.0697020514360584,0.1274857208485416,7402.325714285714,0.0362012045859287,False,False
2020-01-07,atm35000174,Izmir,41585,1107,491,616,8050.0,0.0697020514360584,0.1274857208485416,7402.325714285714,0.0362012045859287,False,False
2020-01-07,atm35000175,Izmir,34780,1115,540,575,8050.0,0.0697020514360584,0.1274857208485416,7402.325714285714,0.0362012045859287,False,False
2020-01-07,atm35000176,Izmir,38810,1204,556,648,8050.0,0.0697020514360584,0.1274857208485416,7402.325714285714,0.0362012045859287,False,False
2020-01-07,atm35000177,Izmir,39895,1175,573,602,8050.0,0.0697020514360584,0.1274857208485416,7402.325714285714,0.0362012045859287,False,False
2020-01-07,atm35000178,Izmir,39475,1192,567,625,8050.0,0.0697020514360584,0.1274857208485416,7402.325714285714,0.0362012045859287,False,False
2020-01-07,atm35000179,Izmir,45830,1312,619,693,8050.0,0.0697020514360584,0.1274857208485416,7402.325714285714,0.0362012045859287,False,False
2020-01-07,atm3500018,Izmir,44960,1186,540,646,8050.0,0.0697020514360584,0.1274857208485416,7402.325714285714,0.0362012045859287,False,False
2020-01-07,atm35000180,Izmir,42240,1186,533,653,8050.0,0.0697020514360584,0.1274857208485416,7402.325714285714,0.0362012045859287,False,False
2020-01-07,atm35000181,Izmir,40975,1081,453,628,8050.0,0.0697020514360584,0.1274857208485416,7402.325714285714,0.0362012045859287,False,False
2020-01-07,atm35000182,Izmir,43720,1225,523,702,8050.0,0.0697020514360584,0.1274857208485416,7402.325714285714,0.0362012045859287,False,False
2020-01-07,atm35000183,Izmir,40530,1139,550,589,8050.0,0.0697020514360584,0.1274857208485416,7402.325714285714,0.0362012045859287,False,False
2020-01-07,atm35000184,Izmir,38605,1154,578,576,8050.0,0.0697020514360584,0.1274857208485416,7402.325714285714,0.0362012045859287,False,False
2020-01-07,atm35000185,Izmir,37865,1232,609,623,8050.0,0.0697020514360584,0.1274857208485416,7402.325714285714,0.0362012045859287,False,False
2020-01-07,atm35000186,Izmir,42170,1171,549,622,8050.0,0.0697020514360584,0.1274857208485416,7402.325714285714,0.0362012045859287,False,False
2020-01-07,atm35000187,Izmir,41595,1238,570,668,8050.0,0.0697020514360584,0.1274857208485416,7402.325714285714,0.0362012045859287,False,False
2020-01-07,atm35000188,Izmir,39450,1075,459,616,8050.0,0.0697020514360584,0.1274857208485416,7402.325714285714,0.0362012045859287,False,False
2020-01-07,atm35000189,Izmir,40450,1085,423,662,8050.0,0.0697020514360584,0.1274857208485416,7402.325714285714,0.0362012045859287,False,False
2020-01-07,atm3500019,Izmir,37565,1147,550,597,8050.0,0.0697020514360584,0.1274857208485416,7402.325714285714,0.0362012045859287,False,False
2020-01-07,atm35000190,Izmir,39645,1186,561,625,8050.0,0.0697020514360584,0.1274857208485416,7402.325714285714,0.0362012045859287,False,False
2020-01-07,atm35000191,Izmir,44180,1242,574,668,8050.0,0.0697020514360584,0.1274857208485416,7402.325714285714,0.0362012045859287,False,False
2020-01-07,atm35000192,Izmir,47820,1271,562,709,8050.0,0.0697020514360584,0.1274857208485416,7402.325714285714,0.0362012045859287,False,False
2020-01-07,atm35000193,Izmir,37440,1256,676,580,8050.0,0.0697020514360584,0.1274857208485416,7402.325714285714,0.0362012045859287,False,False
2020-01-07,atm35000194,Izmir,37555,994,436,558,8050.0,0.0697020514360584,0.1274857208485416,7402.325714285714,0.0362012045859287,False,False
2020-01-07,atm35000195,Izmir,44300,1335,631,704,8050.0,0.0697020514360584,0.1274857208485416,7402.325714285714,0.0362012045859287,False,False
2020-01-07,atm35000196,Izmir,42280,1209,549,660,8050.0,0.0697020514360584,0.1274857208485416,7402.325714285714,0.0362012045859287,False,False
2020-01-07,atm35000197,Izmir,40075,1104,517,587,8050.0,0.0697020514360584,0.1274857208485416,7402.325714285714,0.0362012045859287,False,False
2020-01-07,atm35000198,Izmir,35575,1145,595,550,8050.0,0.0697020514360584,0.1274857208485416,7402.325714285714,0.0362012045859287,False,False
2020-01-07,atm35000199,Izmir,39420,1234,634,600,8050.0,0.0697020514360584,0.1274857208485416,7402.325714285714,0.0362012045859287,False,False
2020-01-07,atm350002,Izmir,39440,1338,682,656,8050.0,0.0697020514360584,0.1274857208485416,7402.325714285714,0.0362012045859287,False,False
2020-01-07,atm3500020,Izmir,43915,1198,514,684,8050.0,0.0697020514360584,0.1274857208485416,7402.325714285714,0.0362012045859287,False,False
2020-01-07,atm35000200,Izmir,41735,1225,585,640,8050.0,0.0697020514360584,0.1274857208485416,7402.325714285714,0.0362012045859287,False,False
2020-01-07,atm35000201,Izmir,44130,1221,513,708,8050.0,0.0697020514360584,0.1274857208485416,7402.325714285714,0.0362012045859287,False,False
2020-01-07,atm35000202,Izmir,37840,1153,550,603,8050.0,0.0697020514360584,0.1274857208485416,7402.325714285714,0.0362012045859287,False,False
2020-01-07,atm35000203,Izmir,46570,1314,604,710,8050.0,0.0697020514360584,0.1274857208485416,7402.325714285714,0.0362012045859287,False,False
2020-01-07,atm35000204,Izmir,43865,1199,555,644,8050.0,0.0697020514360584,0.1274857208485416,7402.325714285714,0.0362012045859287,False,False
2020-01-07,atm35000205,Izmir,41960,1138,475,663,8050.0,0.0697020514360584,0.1274857208485416,7402.325714285714,0.0362012045859287,False,False
2020-01-07,atm35000206,Izmir,69630,2034,932,1102,8050.0,0.0697020514360584,0.1274857208485416,7402.325714285714,0.0362012045859287,False,False
2020-01-07,atm35000207,Izmir,36815,1149,575,574,8050.0,0.0697020514360584,0.1274857208485416,7402.325714285714,0.0362012045859287,False,False
2020-01-07,atm35000208,Izmir,37930,1253,636,617,8050.0,0.0697020514360584,0.1274857208485416,7402.325714285714,0.0362012045859287,False,False
2020-01-07,atm35000209,Izmir,36920,1200,597,603,8050.0,0.0697020514360584,0.1274857208485416,7402.325714285714,0.0362012045859287,False,False
2020-01-07,atm3500021,Izmir,40935,1085,486,599,8050.0,0.0697020514360584,0.1274857208485416,7402.325714285714,0.0362012045859287,False,False
2020-01-07,atm35000210,Izmir,38390,1140,529,611,8050.0,0.0697020514360584,0.1274857208485416,7402.325714285714,0.0362012045859287,False,False
2020-01-07,atm35000211,Izmir,38935,1147,576,571,8050.0,0.0697020514360584,0.1274857208485416,7402.325714285714,0.0362012045859287,False,False
2020-01-07,atm35000212,Izmir,38065,1174,557,617,8050.0,0.0697020514360584,0.1274857208485416,7402.325714285714,0.0362012045859287,False,False
2020-01-07,atm35000213,Izmir,39320,1152,521,631,8050.0,0.0697020514360584,0.1274857208485416,7402.325714285714,0.0362012045859287,False,False
2020-01-07,atm35000214,Izmir,41130,1133,509,624,8050.0,0.0697020514360584,0.1274857208485416,7402.325714285714,0.0362012045859287,False,False
2020-01-07,atm35000215,Izmir,39685,1330,714,616,8050.0,0.0697020514360584,0.1274857208485416,7402.325714285714,0.0362012045859287,False,False
2020-01-07,atm35000216,Izmir,43585,1271,597,674,8050.0,0.0697020514360584,0.1274857208485416,7402.325714285714,0.0362012045859287,False,False
2020-01-07,atm35000217,Izmir,36355,1124,571,553,8050.0,0.0697020514360584,0.1274857208485416,7402.325714285714,0.0362012045859287,False,False
2020-01-07,atm35000218,Izmir,37730,1134,526,608,8050.0,0.0697020514360584,0.1274857208485416,7402.325714285714,0.0362012045859287,False,False
2020-01-07,atm35000219,Izmir,45705,1288,595,693,8050.0,0.0697020514360584,0.1274857208485416,7402.325714285714,0.0362012045859287,False,False
2020-01-07,atm3500022,Izmir,42800,1164,508,656,8050.0,0.0697020514360584,0.1274857208485416,7402.325714285714,0.0362012045859287,False,False
2020-01-07,atm35000220,Izmir,40820,1194,535,659,8050.0,0.0697020514360584,0.1274857208485416,7402.325714285714,0.0362012045859287,False,False
2020-01-07,atm35000221,Izmir,39775,1268,621,647,8050.0,0.0697020514360584,0.1274857208485416,7402.325714285714,0.0362012045859287,False,False
2020-01-07,atm35000222,Izmir,37635,1151,570,581,8050.0,0.0697020514360584,0.1274857208485416,7402.325714285714,0.0362012045859287,False,False
2020-01-07,atm35000223,Izmir,37750,1209,600,609,8050.0,0.0697020514360584,0.1274857208485416,7402.325714285714,0.0362012045859287,False,False
2020-01-07,atm35000224,Izmir,36785,1078,492,586,8050.0,0.0697020514360584,0.1274857208485416,7402.325714285714,0.0362012045859287,False,False
2020-01-07,atm35000225,Izmir,43115,1256,638,618,8050.0,0.0697020514360584,0.1274857208485416,7402.325714285714,0.0362012045859287,False,False
2020-01-07,atm35000226,Izmir,39840,1197,548,649,8050.0,0.0697020514360584,0.1274857208485416,7402.325714285714,0.0362012045859287,False,False
2020-01-07,atm35000227,Izmir,65955,2014,975,1039,8050.0,0.0697020514360584,0.1274857208485416,7402.325714285714,0.0362012045859287,False,False
2020-01-07,atm35000228,Izmir,50345,1263,549,714,8050.0,0.0697020514360584,0.1274857208485416,7402.325714285714,0.0362012045859287,False,False
2020-01-07,atm35000229,Izmir,35495,1153,583,570,8050.0,0.0697020514360584,0.1274857208485416,7402.325714285714,0.0362012045859287,False,False
2020-01-07,atm3500023,Izmir,44305,1231,553,678,8050.0,0.0697020514360584,0.1274857208485416,7402.325714285714,0.0362012045859287,False,False
2020-01-07,atm35000230,Izmir,39995,1138,510,628,8050.0,0.0697020514360584,0.1274857208485416,7402.325714285714,0.0362012045859287,False,False
2020-01-07,atm35000231,Izmir,39975,1171,539,632,8050.0,0.0697020514360584,0.1274857208485416,7402.325714285714,0.0362012045859287,False,False
2020-01-07,atm35000232,Izmir,39275,1252,624,628,8050.0,0.0697020514360584,0.1274857208485416,7402.325714285714,0.0362012045859287,False,False
2020-01-07,atm35000233,Izmir,38035,1112,513,599,8050.0,0.0697020514360584,0.1274857208485416,7402.325714285714,0.0362012045859287,False,False
2020-01-07,atm35000234,Izmir,42850,1322,618,704,8050.0,0.0697020514360584,0.1274857208485416,7402.325714285714,0.0362012045859287,False,False
2020-01-07,atm35000235,Izmir,38130,1165,563,602,8050.0,0.0697020514360584,0.1274857208485416,7402.325714285714,0.0362012045859287,False,False
2020-01-07,atm35000236,Izmir,34925,1217,667,550,8050.0,0.0697020514360584,0.1274857208485416,7402.325714285714,0.0362012045859287,False,False
2020-01-07,atm35000237,Izmir,40620,1290,632,658,8050.0,0.0697020514360584,0.1274857208485416,7402.325714285714,0.0362012045859287,False,False
2020-01-07,atm35000238,Izmir,41100,1326,669,657,8050.0,0.0697020514360584,0.1274857208485416,7402.325714285714,0.0362012045859287,False,False
2020-01-07,atm35000239,Izmir,37830,1261,653,608,8050.0,0.0697020514360584,0.1274857208485416,7402.325714285714,0.0362012045859287,False,False
2020-01-07,atm3500024,Izmir,37315,1180,606,574,8050.0,0.0697020514360584,0.1274857208485416,7402.325714285714,0.0362012045859287,False,False
2020-01-07,atm35000240,Izmir,44175,1191,542,649,8050.0,0.0697020514360584,0.1274857208485416,7402.325714285714,0.0362012045859287,False,False
2020-01-07,atm35000241,Izmir,42725,1223,544,679,8050.0,0.0697020514360584,0.1274857208485416,7402.325714285714,0.0362012045859287,False,False
2020-01-07,atm35000242,Izmir,42965,1217,568,649,8050.0,0.0697020514360584,0.1274857208485416,7402.325714285714,0.0362012045859287,False,False
2020-01-07,atm35000243,Izmir,37070,1168,583,585,8050.0,0.0697020514360584,0.1274857208485416,7402.325714285714,0.0362012045859287,False,False
2020-01-07,atm35000244,Izmir,40740,1164,532,632,8050.0,0.0697020514360584,0.1274857208485416,7402.325714285714,0.0362012045859287,False,False
2020-01-07,atm35000245,Izmir,41625,1173,544,629,8050.0,0.0697020514360584,0.1274857208485416,7402.325714285714,0.0362012045859287,False,False
2020-01-07,atm35000246,Izmir,37640,1141,506,635,8050.0,0.0697020514360584,0.1274857208485416,7402.325714285714,0.0362012045859287,False,False
2020-01-07,atm35000247,Izmir,37245,1200,582,618,8050.0,0.0697020514360584,0.1274857208485416,7402.325714285714,0.0362012045859287,False,False
2020-01-07,atm35000248,Izmir,44275,1242,564,678,8050.0,0.0697020514360584,0.1274857208485416,7402.325714285714,0.0362012045859287,False,False
2020-01-07,atm35000249,Izmir,44485,1172,513,659,8050.0,0.0697020514360584,0.1274857208485416,7402.325714285714,0.0362012045859287,False,False
2020-01-07,atm3500025,Izmir,42045,1287,573,714,8050.0,0.0697020514360584,0.1274857208485416,7402.325714285714,0.0362012045859287,False,False
2020-01-07,atm35000250,Izmir,39250,1164,552,612,8050.0,0.0697020514360584,0.1274857208485416,7402.325714285714,0.0362012045859287,False,False
2020-01-07,atm35000251,Izmir,41620,1181,525,656,8050.0,0.0697020514360584,0.1274857208485416,7402.325714285714,0.0362012045859287,False,False
2020-01-07,atm35000252,Izmir,46055,1308,598,710,8050.0,0.0697020514360584,0.1274857208485416,7402.325714285714,0.0362012045859287,False,False
2020-01-07,atm35000253,Izmir,43170,1267,560,707,8050.0,0.0697020514360584,0.1274857208485416,7402.325714285714,0.0362012045859287,False,False
2020-01-07,atm35000254,Izmir,33970,1156,558,598,8050.0,0.0697020514360584,0.1274857208485416,7402.325714285714,0.0362012045859287,False,False
2020-01-07,atm35000255,Izmir,43790,1178,544,634,8050.0,0.0697020514360584,0.1274857208485416,7402.325714285714,0.0362012045859287,False,False
2020-01-07,atm35000256,Izmir,39930,1120,469,651,8050.0,0.0697020514360584,0.1274857208485416,7402.325714285714,0.0362012045859287,False,False
2020-01-07,atm35000257,Izmir,42920,1271,603,668,8050.0,0.0697020514360584,0.1274857208485416,7402.325714285714,0.0362012045859287,False,False
2020-01-07,atm35000258,Izmir,44060,1194,552,642,8050.0,0.0697020514360584,0.1274857208485416,7402.325714285714,0.0362012045859287,False,False
2020-01-07,atm35000259,Izmir,39610,1286,649,637,8050.0,0.0697020514360584,0.1274857208485416,7402.325714285714,0.0362012045859287,False,False
2020-01-07,atm3500026,Izmir,44015,1227,552,675,8050.0,0.0697020514360584,0.1274857208485416,7402.325714285714,0.0362012045859287,False,False
2020-01-07,atm35000260,Izmir,35875,1098,537,561,8050.0,0.0697020514360584,0.1274857208485416,7402.325714285714,0.0362012045859287,False,False
2020-01-07,atm35000261,Izmir,43320,1154,467,687,8050.0,0.0697020514360584,0.1274857208485416,7402.325714285714,0.0362012045859287,False,False
2020-01-07,atm35000262,Izmir,40885,1191,546,645,8050.0,0.0697020514360584,0.1274857208485416,7402.325714285714,0.0362012045859287,False,False
2020-01-07,atm35000263,Izmir,37835,1127,501,626,8050.0,0.0697020514360584,0.1274857208485416,7402.325714285714,0.0362012045859287,False,False
2020-01-07,atm35000264,Izmir,41665,1241,627,614,8050.0,0.0697020514360584,0.1274857208485416,7402.325714285714,0.0362012045859287,False,False
2020-01-07,atm35000265,Izmir,43465,1135,491,644,8050.0,0.0697020514360584,0.1274857208485416,7402.325714285714,0.0362012045859287,False,False
2020-01-07,atm35000266,Izmir,40090,1217,610,607,8050.0,0.0697020514360584,0.1274857208485416,7402.325714285714,0.0362012045859287,False,False
2020-01-07,atm35000267,Izmir,36780,1121,532,589,8050.0,0.0697020514360584,0.1274857208485416,7402.325714285714,0.0362012045859287,False,False
2020-01-07,atm35000268,Izmir,45320,1255,571,684,8050.0,0.0697020514360584,0.1274857208485416,7402.325714285714,0.0362012045859287,False,False
2020-01-07,atm35000269,Izmir,37080,1224,608,616,8050.0,0.0697020514360584,0.1274857208485416,7402.325714285714,0.0362012045859287,False,False
2020-01-07,atm3500027,Izmir,45460,1302,622,680,8050.0,0.0697020514360584,0.1274857208485416,7402.325714285714,0.0362012045859287,False,False
2020-01-07,atm35000270,Izmir,39885,1106,501,605,8050.0,0.0697020514360584,0.1274857208485416,7402.325714285714,0.0362012045859287,False,False
2020-01-07,atm35000271,Izmir,37995,1108,535,573,8050.0,0.0697020514360584,0.1274857208485416,7402.325714285714,0.0362012045859287,False,False
2020-01-07,atm35000272,Izmir,75905,2102,981,1121,8050.0,0.0697020514360584,0.1274857208485416,7402.325714285714,0.0362012045859287,False,False
2020-01-07,atm35000273,Izmir,44355,1346,663,683,8050.0,0.0697020514360584,0.1274857208485416,7402.325714285714,0.0362012045859287,False,False
2020-01-07,atm35000274,Izmir,75495,2062,929,1133,8050.0,0.0697020514360584,0.1274857208485416,7402.325714285714,0.0362012045859287,False,False
2020-01-07,atm35000275,Izmir,68260,2058,997,1061,8050.0,0.0697020514360584,0.1274857208485416,7402.325714285714,0.0362012045859287,False,False
2020-01-07,atm35000276,Izmir,43280,1315,634,681,8050.0,0.0697020514360584,0.1274857208485416,7402.325714285714,0.0362012045859287,False,False
2020-01-07,atm35000277,Izmir,39330,1072,484,588,8050.0,0.0697020514360584,0.1274857208485416,7402.325714285714,0.0362012045859287,False,False
2020-01-07,atm35000278,Izmir,41785,1233,565,668,8050.0,0.0697020514360584,0.1274857208485416,7402.325714285714,0.0362012045859287,False,False
2020-01-07,atm35000279,Izmir,36095,1159,549,610,8050.0,0.0697020514360584,0.1274857208485416,7402.325714285714,0.0362012045859287,False,False
2020-01-07,atm3500028,Izmir,41360,1170,515,655,8050.0,0.0697020514360584,0.1274857208485416,7402.325714285714,0.0362012045859287,False,False
2020-01-07,atm35000280,Izmir,38270,1193,593,600,8050.0,0.0697020514360584,0.1274857208485416,7402.325714285714,0.0362012045859287,False,False
2020-01-07,atm35000281,Izmir,42200,1240,535,705,8050.0,0.0697020514360584,0.1274857208485416,7402.325714285714,0.0362012045859287,False,False
2020-01-07,atm35000282,Izmir,47010,1361,662,699,8050.0,0.0697020514360584,0.1274857208485416,7402.325714285714,0.0362012045859287,False,False
2020-01-07,atm35000283,Izmir,40940,1204,605,599,8050.0,0.0697020514360584,0.1274857208485416,7402.325714285714,0.0362012045859287,False,False
2020-01-07,atm35000284,Izmir,40370,1178,498,680,8050.0,0.0697020514360584,0.1274857208485416,7402.325714285714,0.0362012045859287,False,False
2020-01-07,atm35000285,Izmir,43755,1102,448,654,8050.0,0.0697020514360584,0.1274857208485416,7402.325714285714,0.0362012045859287,False,False
2020-01-07,atm35000286,Izmir,37535,1165,576,589,8050.0,0.0697020514360584,0.1274857208485416,7402.325714285714,0.0362012045859287,False,False
2020-01-07,atm35000287,Izmir,46645,1296,587,709,8050.0,0.0697020514360584,0.1274857208485416,7402.325714285714,0.0362012045859287,False,False
2020-01-07,atm35000288,Izmir,46930,1271,549,722,8050.0,0.0697020514360584,0.1274857208485416,7402.325714285714,0.0362012045859287,False,False
2020-01-07,atm35000289,Izmir,45580,1211,516,695,8050.0,0.0697020514360584,0.1274857208485416,7402.325714285714,0.0362012045859287,False,False
2020-01-07,atm3500029,Izmir,47360,1306,597,709,8050.0,0.0697020514360584,0.1274857208485416,7402.325714285714,0.0362012045859287,False,False
2020-01-07,atm35000290,Izmir,45795,1401,683,718,8050.0,0.0697020514360584,0.1274857208485416,7402.325714285714,0.0362012045859287,False,False
2020-01-07,atm35000291,Izmir,38980,1085,513,572,8050.0,0.0697020514360584,0.1274857208485416,7402.325714285714,0.0362012045859287,False,False
2020-01-07,atm35000292,Izmir,37620,1055,511,544,8050.0,0.0697020514360584,0.1274857208485416,7402.325714285714,0.0362012045859287,False,False
2020-01-07,atm35000293,Izmir,40665,1146,427,719,8050.0,0.0697020514360584,0.1274857208485416,7402.325714285714,0.0362012045859287,False,False
2020-01-07,atm35000294,Izmir,32700,1127,603,524,8050.0,0.0697020514360584,0.1274857208485416,7402.325714285714,0.0362012045859287,False,False
2020-01-07,atm35000295,Izmir,33275,1171,608,563,8050.0,0.0697020514360584,0.1274857208485416,7402.325714285714,0.0362012045859287,False,False
2020-01-07,atm35000296,Izmir,41460,1314,646,668,8050.0,0.0697020514360584,0.1274857208485416,7402.325714285714,0.0362012045859287,False,False
2020-01-07,atm35000297,Izmir,38140,1172,592,580,8050.0,0.0697020514360584,0.1274857208485416,7402.325714285714,0.0362012045859287,False,False
2020-01-07,atm35000298,Izmir,40365,1196,575,621,8050.0,0.0697020514360584,0.1274857208485416,7402.325714285714,0.0362012045859287,False,False
2020-01-07,atm35000299,Izmir,42845,1267,602,665,8050.0,0.0697020514360584,0.1274857208485416,7402.325714285714,0.0362012045859287,False,False
2020-01-07,atm350003,Izmir,44665,1177,537,640,8050.0,0.0697020514360584,0.1274857208485416,7402.325714285714,0.0362012045859287,False,False
2020-01-07,atm3500030,Izmir,40925,1195,545,650,8050.0,0.0697020514360584,0.1274857208485416,7402.325714285714,0.0362012045859287,False,False
2020-01-07,atm35000300,Izmir,41995,1198,582,616,8050.0,0.0697020514360584,0.1274857208485416,7402.325714285714,0.0362012045859287,False,False
2020-01-07,atm35000301,Izmir,38565,1258,611,647,8050.0,0.0697020514360584,0.1274857208485416,7402.325714285714,0.0362012045859287,False,False
2020-01-07,atm35000302,Izmir,42350,1206,570,636,8050.0,0.0697020514360584,0.1274857208485416,7402.325714285714,0.0362012045859287,False,False
2020-01-07,atm35000303,Izmir,45310,1411,704,707,8050.0,0.0697020514360584,0.1274857208485416,7402.325714285714,0.0362012045859287,False,False
2020-01-07,atm35000304,Izmir,37955,1002,426,576,8050.0,0.0697020514360584,0.1274857208485416,7402.325714285714,0.0362012045859287,False,False
2020-01-07,atm35000305,Izmir,46890,1321,594,727,8050.0,0.0697020514360584,0.1274857208485416,7402.325714285714,0.0362012045859287,False,False
2020-01-07,atm35000306,Izmir,39535,1041,450,591,8050.0,0.0697020514360584,0.1274857208485416,7402.325714285714,0.0362012045859287,False,False
2020-01-07,atm35000307,Izmir,44355,1196,514,682,8050.0,0.0697020514360584,0.1274857208485416,7402.325714285714,0.0362012045859287,False,False
2020-01-07,atm35000308,Izmir,48175,1363,624,739,8050.0,0.0697020514360584,0.1274857208485416,7402.325714285714,0.0362012045859287,False,False
2020-01-07,atm35000309,Izmir,41900,1180,535,645,8050.0,0.0697020514360584,0.1274857208485416,7402.325714285714,0.0362012045859287,False,False
2020-01-07,atm3500031,Izmir,41465,1248,592,656,8050.0,0.0697020514360584,0.1274857208485416,7402.325714285714,0.0362012045859287,False,False
2020-01-07,atm35000310,Izmir,42565,1100,506,594,8050.0,0.0697020514360584,0.1274857208485416,7402.325714285714,0.0362012045859287,False,False
2020-01-07,atm35000311,Izmir,45315,1336,618,718,8050.0,0.0697020514360584,0.1274857208485416,7402.325714285714,0.0362012045859287,False,False
2020-01-07,atm35000312,Izmir,38100,1110,522,588,8050.0,0.0697020514360584,0.1274857208485416,7402.325714285714,0.0362012045859287,False,False
2020-01-07,atm35000313,Izmir,38765,1184,569,615,8050.0,0.0697020514360584,0.1274857208485416,7402.325714285714,0.0362012045859287,False,False
2020-01-07,atm35000314,Izmir,71140,2036,960,1076,8050.0,0.0697020514360584,0.1274857208485416,7402.325714285714,0.0362012045859287,False,False
2020-01-07,atm35000315,Izmir,43175,1125,478,647,8050.0,0.0697020514360584,0.1274857208485416,7402.325714285714,0.0362012045859287,False,False
2020-01-07,atm35000316,Izmir,42220,1223,523,700,8050.0,0.0697020514360584,0.1274857208485416,7402.325714285714,0.0362012045859287,False,False
2020-01-07,atm35000317,Izmir,66915,2072,979,1093,8050.0,0.0697020514360584,0.1274857208485416,7402.325714285714,0.0362012045859287,False,False
2020-01-07,atm35000318,Izmir,34545,1073,517,556,8050.0,0.0697020514360584,0.1274857208485416,7402.325714285714,0.0362012045859287,False,False
2020-01-07,atm35000319,Izmir,40850,1177,544,633,8050.0,0.0697020514360584,0.1274857208485416,7402.325714285714,0.0362012045859287,False,False
2020-01-07,atm3500032,Izmir,37510,1230,656,574,8050.0,0.0697020514360584,0.1274857208485416,7402.325714285714,0.0362012045859287,False,False
2020-01-07,atm35000320,Izmir,39205,1185,590,595,8050.0,0.0697020514360584,0.1274857208485416,7402.325714285714,0.0362012045859287,False,False
2020-01-07,atm35000321,Izmir,40370,1211,548,663,8050.0,0.0697020514360584,0.1274857208485416,7402.325714285714,0.0362012045859287,False,False
2020-01-07,atm35000322,Izmir,45200,1163,482,681,8050.0,0.0697020514360584,0.1274857208485416,7402.325714285714,0.0362012045859287,False,False
2020-01-07,atm35000323,Izmir,48615,1241,518,723,8050.0,0.0697020514360584,0.1274857208485416,7402.325714285714,0.0362012045859287,False,False
2020-01-07,atm35000324,Izmir,42840,1255,590,665,8050.0,0.0697020514360584,0.1274857208485416,7402.325714285714,0.0362012045859287,False,False
2020-01-07,atm35000325,Izmir,36555,1012,485,527,8050.0,0.0697020514360584,0.1274857208485416,7402.325714285714,0.0362012045859287,False,False
2020-01-07,atm35000326,Izmir,42705,1114,488,626,8050.0,0.0697020514360584,0.1274857208485416,7402.325714285714,0.0362012045859287,False,False
2020-01-07,atm35000327,Izmir,38910,1170,578,592,8050.0,0.0697020514360584,0.1274857208485416,7402.325714285714,0.0362012045859287,False,False
2020-01-07,atm35000328,Izmir,46525,1174,467,707,8050.0,0.0697020514360584,0.1274857208485416,7402.325714285714,0.0362012045859287,False,False
2020-01-07,atm35000329,Izmir,43005,1257,600,657,8050.0,0.0697020514360584,0.1274857208485416,7402.325714285714,0.0362012045859287,False,False
2020-01-07,atm3500033,Izmir,46685,1270,555,715,8050.0,0.0697020514360584,0.1274857208485416,7402.325714285714,0.0362012045859287,False,False
2020-01-07,atm35000330,Izmir,42975,1150,474,676,8050.0,0.0697020514360584,0.1274857208485416,7402.325714285714,0.0362012045859287,False,False
2020-01-07,atm35000331,Izmir,42400,1206,568,638,8050.0,0.0697020514360584,0.1274857208485416,7402.325714285714,0.0362012045859287,False,False
2020-01-07,atm35000332,Izmir,42370,1096,461,635,8050.0,0.0697020514360584,0.1274857208485416,7402.325714285714,0.0362012045859287,False,False
2020-01-07,atm35000333,Izmir,38725,1169,556,613,8050.0,0.0697020514360584,0.1274857208485416,7402.325714285714,0.0362012045859287,False,False
2020-01-07,atm35000334,Izmir,40115,1292,643,649,8050.0,0.0697020514360584,0.1274857208485416,7402.325714285714,0.0362012045859287,False,False
2020-01-07,atm35000335,Izmir,39770,1158,549,609,8050.0,0.0697020514360584,0.1274857208485416,7402.325714285714,0.0362012045859287,False,False
2020-01-07,atm35000336,Izmir,40905,1074,461,613,8050.0,0.0697020514360584,0.1274857208485416,7402.325714285714,0.0362012045859287,False,False
2020-01-07,atm35000337,Izmir,46190,1195,480,715,8050.0,0.0697020514360584,0.1274857208485416,7402.325714285714,0.0362012045859287,False,False
2020-01-07,atm35000338,Izmir,34680,1170,602,568,8050.0,0.0697020514360584,0.1274857208485416,7402.325714285714,0.0362012045859287,False,False
2020-01-07,atm35000339,Izmir,64950,1999,972,1027,8050.0,0.0697020514360584,0.1274857208485416,7402.325714285714,0.0362012045859287,False,False
2020-01-07,atm3500034,Izmir,39165,1179,588,591,8050.0,0.0697020514360584,0.1274857208485416,7402.325714285714,0.0362012045859287,False,False
2020-01-07,atm35000340,Izmir,40620,1255,596,659,8050.0,0.0697020514360584,0.1274857208485416,7402.325714285714,0.0362012045859287,False,False
2020-01-07,atm35000341,Izmir,37380,1261,645,616,8050.0,0.0697020514360584,0.1274857208485416,7402.325714285714,0.0362012045859287,False,False
2020-01-07,atm35000342,Izmir,39790,1098,487,611,8050.0,0.0697020514360584,0.1274857208485416,7402.325714285714,0.0362012045859287,False,False
2020-01-07,atm35000343,Izmir,40365,1279,626,653,8050.0,0.0697020514360584,0.1274857208485416,7402.325714285714,0.0362012045859287,False,False
2020-01-07,atm35000344,Izmir,41700,1247,618,629,8050.0,0.0697020514360584,0.1274857208485416,7402.325714285714,0.0362012045859287,False,False
2020-01-07,atm35000345,Izmir,41165,1179,562,617,8050.0,0.0697020514360584,0.1274857208485416,7402.325714285714,0.0362012045859287,False,False
2020-01-07,atm35000346,Izmir,42805,1267,605,662,8050.0,0.0697020514360584,0.1274857208485416,7402.325714285714,0.0362012045859287,False,False
2020-01-07,atm35000347,Izmir,39585,1190,572,618,8050.0,0.0697020514360584,0.1274857208485416,7402.325714285714,0.0362012045859287,False,False
2020-01-07,atm35000348,Izmir,45250,1173,516,657,8050.0,0.0697020514360584,0.1274857208485416,7402.325714285714,0.0362012045859287,False,False
2020-01-07,atm35000349,Izmir,43260,1241,551,690,8050.0,0.0697020514360584,0.1274857208485416,7402.325714285714,0.0362012045859287,False,False
2020-01-07,atm3500035,Izmir,43330,1218,591,627,8050.0,0.0697020514360584,0.1274857208485416,7402.325714285714,0.0362012045859287,False,False
2020-01-07,atm35000350,Izmir,40245,1163,494,669,8050.0,0.0697020514360584,0.1274857208485416,7402.325714285714,0.0362012045859287,False,False
2020-01-07,atm35000351,Izmir,43205,1251,597,654,8050.0,0.0697020514360584,0.1274857208485416,7402.325714285714,0.0362012045859287,False,False
2020-01-07,atm35000352,Izmir,47040,1365,644,721,8050.0,0.0697020514360584,0.1274857208485416,7402.325714285714,0.0362012045859287,False,False
2020-01-07,atm35000353,Izmir,35615,1125,541,584,8050.0,0.0697020514360584,0.1274857208485416,7402.325714285714,0.0362012045859287,False,False
2020-01-07,atm35000354,Izmir,36295,1206,599,607,8050.0,0.0697020514360584,0.1274857208485416,7402.325714285714,0.0362012045859287,False,False
2020-01-07,atm35000355,Izmir,39350,1182,561,621,8050.0,0.0697020514360584,0.1274857208485416,7402.325714285714,0.0362012045859287,False,False
2020-01-07,atm35000356,Izmir,62935,2077,1013,1064,8050.0,0.0697020514360584,0.1274857208485416,7402.325714285714,0.0362012045859287,False,False
2020-01-07,atm35000357,Izmir,43865,1262,592,670,8050.0,0.0697020514360584,0.1274857208485416,7402.325714285714,0.0362012045859287,False,False
2020-01-07,atm35000358,Izmir,38330,1292,677,615,8050.0,0.0697020514360584,0.1274857208485416,7402.325714285714,0.0362012045859287,False,False
2020-01-07,atm3500036,Izmir,41295,1207,560,647,8050.0,0.0697020514360584,0.1274857208485416,7402.325714285714,0.0362012045859287,False,False
2020-01-07,atm3500037,Izmir,38390,1111,535,576,8050.0,0.0697020514360584,0.1274857208485416,7402.325714285714,0.0362012045859287,False,False
2020-01-07,atm3500038,Izmir,46085,1322,629,693,8050.0,0.0697020514360584,0.1274857208485416,7402.325714285714,0.0362012045859287,False,False
2020-01-07,atm3500039,Izmir,42745,1181,543,638,8050.0,0.0697020514360584,0.1274857208485416,7402.325714285714,0.0362012045859287,False,False
2020-01-07,atm350004,Izmir,38320,1219,584,635,8050.0,0.0697020514360584,0.1274857208485416,7402.325714285714,0.0362012045859287,False,False
2020-01-07,atm3500040,Izmir,40760,1173,532,641,8050.0,0.0697020514360584,0.1274857208485416,7402.325714285714,0.0362012045859287,False,False
2020-01-07,atm3500041,Izmir,40270,1327,654,673,8050.0,0.0697020514360584,0.1274857208485416,7402.325714285714,0.0362012045859287,False,False
2020-01-07,atm3500042,Izmir,50095,1334,618,716,8050.0,0.0697020514360584,0.1274857208485416,7402.325714285714,0.0362012045859287,False,False
2020-01-07,atm3500043,Izmir,39765,1137,482,655,8050.0,0.0697020514360584,0.1274857208485416,7402.325714285714,0.0362012045859287,False,False
2020-01-07,atm3500044,Izmir,38470,1098,505,593,8050.0,0.0697020514360584,0.1274857208485416,7402.325714285714,0.0362012045859287,False,False
2020-01-07,atm3500045,Izmir,38870,1129,511,618,8050.0,0.0697020514360584,0.1274857208485416,7402.325714285714,0.0362012045859287,False,False
2020-01-07,atm3500046,Izmir,44165,1155,499,656,8050.0,0.0697020514360584,0.1274857208485416,7402.325714285714,0.0362012045859287,False,False
2020-01-07,atm3500047,Izmir,43945,1247,545,702,8050.0,0.0697020514360584,0.1274857208485416,7402.325714285714,0.0362012045859287,False,False
2020-01-07,atm3500048,Izmir,42235,1308,651,657,8050.0,0.0697020514360584,0.1274857208485416,7402.325714285714,0.0362012045859287,False,False
2020-01-07,atm3500049,Izmir,40290,1257,601,656,8050.0,0.0697020514360584,0.1274857208485416,7402.325714285714,0.0362012045859287,False,False
2020-01-07,atm350005,Izmir,40745,1123,515,608,8050.0,0.0697020514360584,0.1274857208485416,7402.325714285714,0.0362012045859287,False,False
2020-01-07,atm3500050,Izmir,39675,1121,497,624,8050.0,0.0697020514360584,0.1274857208485416,7402.325714285714,0.0362012045859287,False,False
2020-01-07,atm3500051,Izmir,38210,1241,605,636,8050.0,0.0697020514360584,0.1274857208485416,7402.325714285714,0.0362012045859287,False,False
2020-01-07,atm3500052,Izmir,45875,1267,555,712,8050.0,0.0697020514360584,0.1274857208485416,7402.325714285714,0.0362012045859287,False,False
2020-01-07,atm3500053,Izmir,35835,1173,563,610,8050.0,0.0697020514360584,0.1274857208485416,7402.325714285714,0.0362012045859287,False,False
2020-01-07,atm3500054,Izmir,40795,1310,658,652,8050.0,0.0697020514360584,0.1274857208485416,7402.325714285714,0.0362012045859287,False,False
2020-01-07,atm3500055,Izmir,42935,1182,528,654,8050.0,0.0697020514360584,0.1274857208485416,7402.325714285714,0.0362012045859287,False,False
2020-01-07,atm3500056,Izmir,70530,2129,1036,1093,8050.0,0.0697020514360584,0.1274857208485416,7402.325714285714,0.0362012045859287,False,False
2020-01-07,atm3500057,Izmir,43650,1219,534,685,8050.0,0.0697020514360584,0.1274857208485416,7402.325714285714,0.0362012045859287,False,False
2020-01-07,atm3500058,Izmir,41925,1164,532,632,8050.0,0.0697020514360584,0.1274857208485416,7402.325714285714,0.0362012045859287,False,False
2020-01-07,atm3500059,Izmir,39000,1121,508,613,8050.0,0.0697020514360584,0.1274857208485416,7402.325714285714,0.0362012045859287,False,False
2020-01-07,atm350006,Izmir,48560,1365,633,732,8050.0,0.0697020514360584,0.1274857208485416,7402.325714285714,0.0362012045859287,False,False
2020-01-07,atm3500060,Izmir,41250,1199,529,670,8050.0,0.0697020514360584,0.1274857208485416,7402.325714285714,0.0362012045859287,False,False
2020-01-07,atm3500061,Izmir,45830,1368,649,719,8050.0,0.0697020514360584,0.1274857208485416,7402.325714285714,0.0362012045859287,False,False
2020-01-07,atm3500062,Izmir,46630,1245,501,744,8050.0,0.0697020514360584,0.1274857208485416,7402.325714285714,0.0362012045859287,False,False
2020-01-07,atm3500063,Izmir,41180,1149,488,661,8050.0,0.0697020514360584,0.1274857208485416,7402.325714285714,0.0362012045859287,False,False
2020-01-07,atm3500064,Izmir,39435,1125,503,622,8050.0,0.0697020514360584,0.1274857208485416,7402.325714285714,0.0362012045859287,False,False
2020-01-07,atm3500065,Izmir,40555,1269,656,613,8050.0,0.0697020514360584,0.1274857208485416,7402.325714285714,0.0362012045859287,False,False
2020-01-07,atm3500066,Izmir,38010,1100,480,620,8050.0,0.0697020514360584,0.1274857208485416,7402.325714285714,0.0362012045859287,False,False
2020-01-07,atm3500067,Izmir,38860,1207,608,599,8050.0,0.0697020514360584,0.1274857208485416,7402.325714285714,0.0362012045859287,False,False
2020-01-07,atm3500068,Izmir,44845,1132,433,699,8050.0,0.0697020514360584,0.1274857208485416,7402.325714285714,0.0362012045859287,False,False
2020-01-07,atm3500069,Izmir,43025,1282,614,668,8050.0,0.0697020514360584,0.1274857208485416,7402.325714285714,0.0362012045859287,False,False
2020-01-07,atm350007,Izmir,41725,1254,583,671,8050.0,0.0697020514360584,0.1274857208485416,7402.325714285714,0.0362012045859287,False,False
2020-01-07,atm3500070,Izmir,47960,1319,611,708,8050.0,0.0697020514360584,0.1274857208485416,7402.325714285714,0.0362012045859287,False,False
2020-01-07,atm3500071,Izmir,38950,1221,597,624,8050.0,0.0697020514360584,0.1274857208485416,7402.325714285714,0.0362012045859287,False,False
2020-01-07,atm3500072,Izmir,39310,1191,557,634,8050.0,0.0697020514360584,0.1274857208485416,7402.325714285714,0.0362012045859287,False,False
2020-01-07,atm3500073,Izmir,40640,1172,522,650,8050.0,0.0697020514360584,0.1274857208485416,7402.325714285714,0.0362012045859287,False,False
2020-01-07,atm3500074,Izmir,44085,1266,609,657,8050.0,0.0697020514360584,0.1274857208485416,7402.325714285714,0.0362012045859287,False,False
2020-01-07,atm3500075,Izmir,40660,1219,597,622,8050.0,0.0697020514360584,0.1274857208485416,7402.325714285714,0.0362012045859287,False,False
2020-01-07,atm3500076,Izmir,73120,2105,1039,1066,8050.0,0.0697020514360584,0.1274857208485416,7402.325714285714,0.0362012045859287,False,False
2020-01-07,atm3500077,Izmir,45005,1241,568,673,8050.0,0.0697020514360584,0.1274857208485416,7402.325714285714,0.0362012045859287,False,False
2020-01-07,atm3500078,Izmir,39330,1054,463,591,8050.0,0.0697020514360584,0.1274857208485416,7402.325714285714,0.0362012045859287,False,False
2020-01-07,atm3500079,Izmir,41700,1176,549,627,8050.0,0.0697020514360584,0.1274857208485416,7402.325714285714,0.0362012045859287,False,False
2020-01-07,atm350008,Izmir,33575,1057,523,534,8050.0,0.0697020514360584,0.1274857208485416,7402.325714285714,0.0362012045859287,False,False
2020-01-07,atm3500080,Izmir,37390,1200,576,624,8050.0,0.0697020514360584,0.1274857208485416,7402.325714285714,0.0362012045859287,False,False
2020-01-07,atm3500081,Izmir,37515,1022,451,571,8050.0,0.0697020514360584,0.1274857208485416,7402.325714285714,0.0362012045859287,False,False
2020-01-07,atm3500082,Izmir,40630,1214,526,688,8050.0,0.0697020514360584,0.1274857208485416,7402.325714285714,0.0362012045859287,False,False
2020-01-07,atm3500083,Izmir,65320,2034,958,1076,8050.0,0.0697020514360584,0.1274857208485416,7402.325714285714,0.0362012045859287,False,False
2020-01-07,atm3500084,Izmir,39495,1403,714,689,8050.0,0.0697020514360584,0.1274857208485416,7402.325714285714,0.0362012045859287,False,False
2020-01-07,atm3500085,Izmir,43330,1133,481,652,8050.0,0.0697020514360584,0.1274857208485416,7402.325714285714,0.0362012045859287,False,False
2020-01-07,atm3500086,Izmir,43420,1343,660,683,8050.0,0.0697020514360584,0.1274857208485416,7402.325714285714,0.0362012045859287,False,False
2020-01-07,atm3500087,Izmir,71990,2086,987,1099,8050.0,0.0697020514360584,0.1274857208485416,7402.325714285714,0.0362012045859287,False,False
2020-01-07,atm3500088,Izmir,46155,1134,495,639,8050.0,0.0697020514360584,0.1274857208485416,7402.325714285714,0.0362012045859287,False,False
2020-01-07,atm3500089,Izmir,43735,1264,585,679,8050.0,0.0697020514360584,0.1274857208485416,7402.325714285714,0.0362012045859287,False,False
2020-01-07,atm350009,Izmir,39480,1280,673,607,8050.0,0.0697020514360584,0.1274857208485416,7402.325714285714,0.0362012045859287,False,False
2020-01-07,atm3500090,Izmir,38640,1084,473,611,8050.0,0.0697020514360584,0.1274857208485416,7402.325714285714,0.0362012045859287,False,False
2020-01-07,atm3500091,Izmir,38685,1206,589,617,8050.0,0.0697020514360584,0.1274857208485416,7402.325714285714,0.0362012045859287,False,False
2020-01-07,atm3500092,Izmir,38235,1180,534,646,8050.0,0.0697020514360584,0.1274857208485416,7402.325714285714,0.0362012045859287,False,False
2020-01-07,atm3500093,Izmir,46090,1293,595,698,8050.0,0.0697020514360584,0.1274857208485416,7402.325714285714,0.0362012045859287,False,False
2020-01-07,atm3500094,Izmir,46705,1242,566,676,8050.0,0.0697020514360584,0.1274857208485416,7402.325714285714,0.0362012045859287,False,False
2020-01-07,atm3500095,Izmir,42265,1126,511,615,8050.0,0.0697020514360584,0.1274857208485416,7402.325714285714,0.0362012045859287,False,False
2020-01-07,atm3500096,Izmir,43140,1233,545,688,8050.0,0.0697020514360584,0.1274857208485416,7402.325714285714,0.0362012045859287,False,False
2020-01-07,atm3500097,Izmir,47490,1361,654,707,8050.0,0.0697020514360584,0.1274857208485416,7402.325714285714,0.0362012045859287,False,False
2020-01-07,atm3500098,Izmir,42230,1231,568,663,8050.0,0.0697020514360584,0.1274857208485416,7402.325714285714,0.0362012045859287,False,False
2020-01-07,atm3500099,Izmir,42840,1227,547,680,8050.0,0.0697020514360584,0.1274857208485416,7402.325714285714,0.0362012045859287,False,False
